antecedents,consequents,antecedent support,consequent support,support,confidence,lift,representativity,leverage,conviction,zhangs_metric,jaccard,certainty,kulczynski
frozenset({'26102'}),"frozenset({'99111', '27205'})",0.0037191543519762425,0.003408046383369865,0.0031817860425652268,0.855513307984791,251.02748371014312,1.0,0.00316911099202678,6.897465363188787,0.9997345395131122,0.8064516129032259,0.8550192067165834,0.8945616332455075
"frozenset({'99111', '27205'})",frozenset({'26102'}),0.003408046383369865,0.0037191543519762425,0.0031817860425652268,0.9336099585062241,251.02748371014312,1.0,0.00316911099202678,15.006480237573362,0.9994224505176063,0.8064516129032259,0.9333621219520757,0.8945616332455075
frozenset({'27205'}),frozenset({'26102'}),0.003931273421480591,0.0037191543519762425,0.003535317825072474,0.8992805755395685,241.797056651257,1.0,0.003520696812418166,9.891645538933968,0.9997947669548676,0.859106529209622,0.8989045860909639,0.9249254588724458
frozenset({'26102'}),frozenset({'27205'}),0.0037191543519762425,0.003931273421480591,0.003535317825072474,0.9505703422053232,241.79705665125698,1.0,0.003520696812418166,20.15123654539621,0.9995818997331517,0.859106529209622,0.9503752537593797,0.9249254588724458
frozenset({'27205'}),"frozenset({'99111', '26102'})",0.003931273421480591,0.0033656225694689954,0.0031817860425652268,0.8093525179856117,240.47631642585097,1.0,0.003168554860011138,5.227629375956375,0.9997719632831861,0.7731958762886599,0.8087087036813787,0.877365334623058
"frozenset({'99111', '26102'})",frozenset({'27205'}),0.0033656225694689954,0.003931273421480591,0.0031817860425652268,0.9453781512605043,240.47631642585097,1.0,0.003168554860011138,18.23571976351446,0.9992045316596588,0.7731958762886599,0.9451625703307432,0.877365334623058
frozenset({'72211'}),frozenset({'72221'}),0.004765608428197695,0.005189846567206392,0.002616135190553631,0.5489614243323442,105.77604120343793,1.0,0.0025914024140118994,2.2055988270187594,0.9952892219850645,0.3564547206165703,0.5466083914491061,0.5265243088964173
frozenset({'72221'}),frozenset({'72211'}),0.005189846567206392,0.004765608428197695,0.002616135190553631,0.5040871934604905,105.77604120343793,1.0,0.0025914024140118994,2.0068737456420407,0.9957136644235071,0.3564547206165703,0.5017125505919262,0.5265243088964173
frozenset({'62501'}),"frozenset({'67211', '99111'})",0.016870536661245845,0.011298875768931627,0.010803931273421481,0.6404023470243086,56.67841297850311,1.0,0.010613313175530858,2.7494648979199656,0.999213872711354,0.6221498371335505,0.6362928652929799,0.7982987955396887
"frozenset({'67211', '99111'})",frozenset({'62501'}),0.011298875768931627,0.016870536661245845,0.010803931273421481,0.956195244055069,56.678412978503104,1.0,0.010613313175530858,22.443441177361905,0.9935829689718912,0.6221498371335505,0.9554435528804436,0.7982987955396887
frozenset({'67211'}),"frozenset({'62501', '99111'})",0.01629074453793396,0.011737255179240614,0.010803931273421481,0.6631944444444445,56.50336763721553,1.0,0.01061272264771993,2.934223407302874,0.9985693784827089,0.6272577996715929,0.6591943212261414,0.791838186077644
"frozenset({'62501', '99111'})",frozenset({'67211'}),0.011737255179240614,0.01629074453793396,0.010803931273421481,0.9204819277108434,56.503367637215526,1.0,0.01061272264771993,12.37088912171992,0.993968400592297,0.6272577996715929,0.9191650664587825,0.791838186077644
frozenset({'67211'}),frozenset({'62501'}),0.01629074453793396,0.016870536661245845,0.015343279360814538,0.9418402777777778,55.82752325486636,1.0,0.015068445757848332,16.9039573397947,0.9983515787929795,0.8611111111111113,0.9408422548697615,0.9256560986541865
frozenset({'62501'}),frozenset({'67211'}),0.016870536661245845,0.01629074453793396,0.015343279360814538,0.9094719195305953,55.82752325486636,1.0,0.015068445757848332,10.86634390524302,0.9989403480276177,0.8611111111111113,0.9079727267312514,0.9256560986541865
frozenset({'49219'}),frozenset({'49211'}),0.007608003959555964,0.016686700134342078,0.006222159372127554,0.8178438661710037,49.01171948837502,1.0,0.006095206891433557,5.398189340078815,0.9871066277866227,0.34428794992175277,0.8147527000256349,0.5953626110516035
frozenset({'49211'}),frozenset({'49219'}),0.016686700134342078,0.007608003959555964,0.006222159372127554,0.37288135593220334,49.01171948837502,1.0,0.006095206891433557,1.582462912605032,0.9962203468495264,0.34428794992175277,0.3680736578187406,0.5953626110516035
frozenset({'72421'}),frozenset({'71201'}),0.003761578165877112,0.025171462914516014,0.003422187654670155,0.9097744360902257,36.14308946523613,1.0,0.003327503229367726,10.804349619364128,0.9760035071382158,0.13414634146341464,0.9074446833701357,0.5228647461350004
frozenset({'71201'}),frozenset({'72421'}),0.025171462914516014,0.003761578165877112,0.003422187654670155,0.1359550561797753,36.14308946523613,1.0,0.003327503229367726,1.1529937521877367,0.9974391974233722,0.13414634146341464,0.13269261164463386,0.5228647461350004
frozenset({'49211'}),frozenset({'43411'}),0.016686700134342078,0.007438308703952485,0.002898960616559429,0.17372881355932202,23.355956370432427,1.0,0.002774839789709907,1.2012541494659856,0.9734276649590398,0.13657561625582945,0.1675366945083625,0.2817313269317523
frozenset({'43411'}),frozenset({'49211'}),0.007438308703952485,0.016686700134342078,0.002898960616559429,0.3897338403041825,23.355956370432427,1.0,0.002774839789709907,1.6112859680041625,0.9643575586335014,0.13657561625582945,0.3793777021228196,0.2817313269317523
frozenset({'49421'}),frozenset({'49512'}),0.048250017676589124,0.016771547762143818,0.014735204694902072,0.3053927315357562,18.208977243297635,1.0,0.013925977218914873,1.415517079761842,0.9929940122680645,0.29302587176602923,0.29354437731811184,0.5919881026987381
frozenset({'49512'}),frozenset({'49421'}),0.016771547762143818,0.048250017676589124,0.014735204694902072,0.8785834738617201,18.208977243297635,1.0,0.013925977218914873,7.83871860441365,0.9612028938669841,0.29302587176602923,0.8724281288223635,0.5919881026987381
frozenset({'49421'}),frozenset({'49510'}),0.048250017676589124,0.03703598953545924,0.0324683589054656,0.6729191090269637,18.16932981857264,1.0,0.030681371755709723,2.944115773929224,0.9928681001167894,0.6147255689424365,0.6603394442381599,0.7747947969724356
frozenset({'49510'}),frozenset({'49421'}),0.03703598953545924,0.048250017676589124,0.0324683589054656,0.8766704849179076,18.169329818572635,1.0,0.030681371755709723,7.717130661625425,0.9813058291553142,0.6147255689424365,0.8704181587889074,0.7747947969724356
"frozenset({'23602', '99111'})",frozenset({'27211'}),0.003266633670366966,0.05478328501732306,0.0026302764618539205,0.8051948051948051,14.697818959563923,1.0,0.002451319538443023,4.852112470244406,0.9350170526003613,0.04746108701199285,0.7939042002565887,0.4266035977445373
frozenset({'71109'}),frozenset({'71101'}),0.0054302481793113205,0.048744962172099275,0.003662589266775083,0.6744791666666665,13.836899991538532,1.0,0.0033978920246894415,2.92225547620731,0.9327947841121264,0.07250839865621499,0.6577985709525083,0.3748084838265157
frozenset({'71101'}),frozenset({'71109'}),0.048744962172099275,0.0054302481793113205,0.003662589266775083,0.07513780098636494,13.836899991538532,1.0,0.0033978920246894415,1.0753707448324696,0.9752689237288154,0.07250839865621499,0.07008814884973621,0.3748084838265157
frozenset({'27211'}),"frozenset({'25711', '99111'})",0.05478328501732306,0.006702962596337411,0.004412076645690447,0.08053691275167785,12.015121909778268,1.0,0.0040448663353148395,1.080301157468217,0.9699061952992925,0.07730426164519325,0.07433219608540452,0.3693823804264718
"frozenset({'25711', '99111'})",frozenset({'27211'}),0.006702962596337411,0.05478328501732306,0.004412076645690447,0.6582278481012658,12.015121909778268,1.0,0.0040448663353148395,2.7656340919863505,0.922958101393773,0.07730426164519325,0.6384192677919392,0.3693823804264718
"frozenset({'23324', '99111'})",frozenset({'27211'}),0.006717103867637701,0.05478328501732306,0.004341370289188998,0.6463157894736842,11.797682254164062,1.0,0.003973385273517239,2.672487735814116,0.9214269085796116,0.07595249876298861,0.6258168048448045,0.36278102328614514
frozenset({'27211'}),"frozenset({'23324', '99111'})",0.05478328501732306,0.006717103867637701,0.004341370289188998,0.07924625709860608,11.79768225416406,1.0,0.003973385273517239,1.078771499752389,0.968283329971603,0.07595249876298861,0.0730196336948737,0.36278102328614514
frozenset({'99700'}),frozenset({'43414'}),0.01076150745952061,0.026472459874142686,0.0033231987555681257,0.3088042049934297,11.66511183552905,1.0,0.003038315181160679,1.4084685513988162,0.9242202930922996,0.09799833194328608,0.2900089966461424,0.21716919651380887
frozenset({'43414'}),frozenset({'99700'}),0.026472459874142686,0.01076150745952061,0.0033231987555681257,0.12553418803418803,11.66511183552905,1.0,0.003038315181160679,1.1312489053364554,0.9391355167987845,0.09799833194328608,0.11602124405806112,0.21716919651380887
frozenset({'21221'}),frozenset({'21222'}),0.012628155271158877,0.019486671851799475,0.0026585590044545006,0.21052631578947373,10.803605530517153,1.0,0.0024124782865918557,1.2419835489877207,0.9190441408152159,0.0902544407105137,0.1948363560732745,0.17347796195859755
frozenset({'21222'}),frozenset({'21221'}),0.019486671851799475,0.012628155271158877,0.0026585590044545006,0.13642960812772134,10.80360553051715,1.0,0.0024124782865918557,1.1433600017112127,0.9254726913480538,0.0902544407105137,0.12538483198349826,0.17347796195859755
"frozenset({'23323', '99111'})",frozenset({'27211'}),0.006490843526833062,0.05478328501732306,0.0036201654528742132,0.5577342047930284,10.180736781605317,1.0,0.0032645757219408713,2.1372141486554126,0.9076668051483147,0.06279126808928133,0.5321011698200057,0.31190788711515127
frozenset({'27211'}),"frozenset({'23323', '99111'})",0.05478328501732306,0.006490843526833062,0.0036201654528742132,0.06608156943727413,10.180736781605315,1.0,0.0032645757219408713,1.0638072062402015,0.9540407693257132,0.06279126808928133,0.059980047010317124,0.31190788711515127
frozenset({'43417'}),frozenset({'43413'}),0.00803224209856466,0.04273492186947606,0.0034504701972707347,0.42957746478873243,10.052141106067246,1.0,0.0031072129587518572,1.678168408574499,0.9078104598609897,0.07292289300657502,0.4041122482758219,0.255159347880799
frozenset({'43413'}),frozenset({'43417'}),0.04273492186947606,0.00803224209856466,0.0034504701972707347,0.08074123097286566,10.052141106067246,1.0,0.0031072129587518572,1.079095235557285,0.9407203156584705,0.07292289300657502,0.07329773401921957,0.255159347880799
"frozenset({'23312', '99111'})",frozenset({'27211'}),0.004878738598600014,0.05478328501732306,0.0026444177331542106,0.5420289855072464,9.89405774655264,1.0,0.0023771444059820907,2.0639225738545797,0.9033363755671892,0.046378968253968256,0.5154857005452482,0.29514975346606515
"frozenset({'27211', '99111'})",frozenset({'23602'}),0.04402177755780245,0.006405995899031323,0.0026302764618539205,0.059749437841310635,9.327111472292012,1.0,0.002348273135350569,1.0567332199406612,0.933897498737869,0.055029585798816553,0.0536873629692904,0.23517273216568843
frozenset({'23602'}),"frozenset({'27211', '99111'})",0.006405995899031323,0.04402177755780245,0.0026302764618539205,0.4105960264900662,9.327111472292012,1.0,0.002348273135350569,1.6219405796491217,0.8985417253946291,0.055029585798816553,0.38345460213078064,0.23517273216568843
"frozenset({'27211', '99111'})",frozenset({'25711'}),0.04402177755780245,0.010803931273421481,0.004412076645690447,0.10022486347574687,9.276703168439058,1.0,0.003936468386422101,1.099381421615794,0.9332880835720988,0.08751753155680222,0.0903975814596995,0.25430091341326605
frozenset({'25711'}),"frozenset({'27211', '99111'})",0.010803931273421481,0.04402177755780245,0.004412076645690447,0.40837696335078527,9.276703168439056,1.0,0.003936468386422101,1.6158569954553954,0.9019476637309118,0.08751753155680222,0.38113335350064764,0.25430091341326605
frozenset({'27211'}),frozenset({'25711'}),0.05478328501732306,0.010803931273421481,0.00544438945061161,0.09938048528652553,9.198548451618656,1.0,0.00485251460435219,1.0983506936792105,0.9429448097122128,0.09052433576299082,0.08954398103010183,0.30165359342860304
frozenset({'25711'}),frozenset({'27211'}),0.010803931273421481,0.05478328501732306,0.00544438945061161,0.5039267015706805,9.198548451618656,1.0,0.00485251460435219,1.9053972829729948,0.901021772754843,0.09052433576299082,0.4751750677214685,0.30165359342860304
frozenset({'99600'}),frozenset({'43412'}),0.015908930212826133,0.03685215300855547,0.005246411652407551,0.3297777777777777,8.948670589238509,1.0,0.004660133322002051,1.4370574640124336,0.9026111351469852,0.11041666666666666,0.3041336028359769,0.23607077683977146
frozenset({'43412'}),frozenset({'99600'}),0.03685215300855547,0.015908930212826133,0.005246411652407551,0.14236377590176516,8.948670589238509,1.0,0.004660133322002051,1.14744578427981,0.9222380139904962,0.11041666666666666,0.12849912937050328,0.23607077683977146
"frozenset({'23321', '23111'})",frozenset({'23311'}),0.007763557943859153,0.05300148483348653,0.0036484479954747933,0.46994535519125685,8.866645088673886,1.0,0.0032369678968594486,1.7866054461388865,0.8941596307494055,0.0638771973260708,0.440279328510307,0.2693910340524054
frozenset({'23311'}),"frozenset({'23321', '23111'})",0.05300148483348653,0.007763557943859153,0.0036484479954747933,0.0688367129135539,8.866645088673886,1.0,0.0032369678968594486,1.0655880185749043,0.9368734548533276,0.0638771973260708,0.061551009800786184,0.2693910340524054
frozenset({'21223'}),frozenset({'21222'}),0.01784628438096585,0.019486671851799475,0.003040373329562328,0.17036450079239304,8.742616599081332,1.0,0.002692608642056552,1.1818603821614415,0.9017099400330624,0.08865979381443301,0.15387636721424452,0.16319386142667547
frozenset({'21222'}),frozenset({'21223'}),0.019486671851799475,0.01784628438096585,0.003040373329562328,0.15602322206095792,8.74261659908133,1.0,0.002692608642056552,1.1637212554798186,0.9032184903459377,0.08865979381443301,0.14068769020835153,0.16319386142667547
frozenset({'23602'}),frozenset({'27211'}),0.006405995899031323,0.05478328501732306,0.0030262320582620378,0.4724061810154525,8.623180973285422,1.0,0.002675290559105602,1.7915613886491741,0.8897331403396154,0.052030148310235835,0.44182766700838894,0.26382312148346193
frozenset({'27211'}),frozenset({'23602'}),0.05478328501732306,0.006405995899031323,0.0030262320582620378,0.05524006195147134,8.623180973285422,1.0,0.002675290559105602,1.051689391225998,0.9352707156766364,0.052030148310235835,0.0491489137926375,0.26382312148346193
"frozenset({'27211', '23321'})",frozenset({'99111'}),0.003521176553772184,0.11201300996959626,0.0032242098564660964,0.9156626506024098,8.174609814082745,1.0,0.002829792272043704,10.528988596074809,0.8807713537099638,0.02870813397129187,0.9050241159561329,0.472223447507997
frozenset({'26102'}),frozenset({'99111'}),0.0037191543519762425,0.11201300996959626,0.0033656225694689954,0.9049429657794678,8.078909459044953,1.0,0.0029490288959626134,9.341623135119855,0.8794918836211031,0.0299521771960735,0.8929522219494707,0.4674948385266484
"frozenset({'26102', '27205'})",frozenset({'99111'}),0.003535317825072474,0.11201300996959626,0.0031817860425652268,0.9,8.034780961999749,1.0,0.002785784451779692,8.879869900304039,0.8786473978413238,0.028316133903850994,0.8873857374908432,0.46420275217775536
"frozenset({'27211', '23602'})",frozenset({'99111'}),0.0030262320582620378,0.11201300996959626,0.0026302764618539205,0.8691588785046729,7.759445788847108,1.0,0.002291299100141503,6.786757709518085,0.8737690443802139,0.023399169706881367,0.8526542359693273,0.4463203810526142
frozenset({'43414'}),frozenset({'99600'}),0.026472459874142686,0.015908930212826133,0.003266633670366966,0.1233974358974359,7.756488603988604,1.0,0.00284548515366739,1.1226194287882933,0.8947622399244206,0.08351409978308026,0.10922617731695905,0.16436538461538464
frozenset({'99600'}),frozenset({'43414'}),0.015908930212826133,0.026472459874142686,0.003266633670366966,0.20533333333333334,7.756488603988604,1.0,0.00284548515366739,1.2250766025073707,0.8851575928023694,0.08351409978308026,0.18372451326448103,0.16436538461538464
frozenset({'27205'}),frozenset({'99111'}),0.003931273421480591,0.11201300996959626,0.003408046383369865,0.866906474820144,7.739337377465786,1.0,0.0029676926144163508,6.671902249417636,0.8742267964716064,0.03028399095250063,0.8501177081712662,0.4486659630760233
"frozenset({'23312', '27211'})",frozenset({'99111'}),0.0030545146008626174,0.11201300996959626,0.0026444177331542106,0.8657407407407408,7.728930246368071,1.0,0.002302272358715509,6.613972063674734,0.873283445519347,0.023522012578616355,0.8488049253349282,0.44467443551366037
"frozenset({'23323', '27211'})",frozenset({'99111'}),0.004228240118786679,0.11201300996959626,0.0036201654528742132,0.8561872909698997,7.643641494878987,1.0,0.0031465475502947143,6.174607209746295,0.8728629790282039,0.03214465092918132,0.8380463783313128,0.4442532212960848
"frozenset({'27211', '23324'})",frozenset({'99111'}),0.005189846567206392,0.11201300996959626,0.004341370289188998,0.8365122615803814,7.467991993139335,1.0,0.0037600399539158337,5.431520422352634,0.8706135472807222,0.03846635759929834,0.8158894890858469,0.4376349970949502
"frozenset({'27211', '23322'})",frozenset({'99111'}),0.0034646114685710247,0.11201300996959626,0.002856536802658559,0.8244897959183675,7.360661017342173,1.0,0.0024684552436887355,5.059460757149978,0.8671469637385194,0.025364138623807136,0.8023504780451532,0.4249958132476574
"frozenset({'23321', '99111'})",frozenset({'27211'}),0.008003959555964082,0.05478328501732306,0.0032242098564660964,0.40282685512367494,7.353097847204613,1.0,0.0027857266588445896,1.5828185227224707,0.8709741395070593,0.05413105413105413,0.36821563202331914,0.2308403764518736
frozenset({'27211'}),"frozenset({'23321', '99111'})",0.05478328501732306,0.008003959555964082,0.0032242098564660964,0.05885389778007227,7.353097847204612,1.0,0.0027857266588445896,1.0540298027098725,0.9140791566894676,0.05413105413105413,0.05126022297563487,0.2308403764518736
"frozenset({'25711', '27211'})",frozenset({'99111'}),0.00544438945061161,0.11201300996959626,0.004412076645690447,0.8103896103896104,7.234781125956483,1.0,0.0038022341958807242,4.683219057009665,0.866496361475389,0.03902927195396547,0.7864716580995207,0.42488928821462596
frozenset({'99111'}),frozenset({'27211'}),0.11201300996959626,0.05478328501732306,0.04402177755780245,0.39300593359424313,7.173829270551601,1.0,0.03788533690698981,1.5572091512848967,0.9691633351446567,0.35855793595945634,0.35782550521561474,0.5982840715983605
frozenset({'27211'}),frozenset({'99111'}),0.05478328501732306,0.11201300996959626,0.04402177755780245,0.8035622096024779,7.173829270551601,1.0,0.03788533690698981,4.520448882230988,0.910483722072883,0.35855793595945634,0.778783031054547,0.5982840715983605
"frozenset({'99111', '23322'})",frozenset({'27211'}),0.007466591246553065,0.05478328501732306,0.002856536802658559,0.3825757575757577,6.983439519093883,1.0,0.002447492406290793,1.5309031457388145,0.8632496187342245,0.048095238095238094,0.3467908124799106,0.2173591229799284
frozenset({'27211'}),"frozenset({'99111', '23322'})",0.05478328501732306,0.007466591246553065,0.002856536802658559,0.05214248838409913,6.983439519093882,1.0,0.002447492406290793,1.0471335581456573,0.906463113808875,0.048095238095238094,0.0450119832174273,0.2173591229799284
frozenset({'43413'}),frozenset({'99700'}),0.04273492186947606,0.01076150745952061,0.003040373329562328,0.07114493712773,6.611056805502532,1.0,0.0025804811490819307,1.0650084518907477,0.8866282419363206,0.060257847533632294,0.06104031547856344,0.17683396659277434
frozenset({'99700'}),frozenset({'43413'}),0.01076150745952061,0.04273492186947606,0.003040373329562328,0.28252299605781866,6.611056805502531,1.0,0.0025804811490819307,1.3342101180537156,0.857971318028924,0.060257847533632294,0.2504928673013258,0.17683396659277434
"frozenset({'67211', '62501'})",frozenset({'99111'}),0.015343279360814538,0.11201300996959626,0.010803931273421481,0.7041474654377881,6.286300721933239,1.0,0.009085284369412262,3.001451352594979,0.8540275149199246,0.09269594758553751,0.6668278500881164,0.4002999667802499
frozenset({'99111'}),"frozenset({'67211', '62501'})",0.11201300996959626,0.015343279360814538,0.010803931273421481,0.09645246812271178,6.286300721933238,1.0,0.009085284369412262,1.0897674841669678,0.9470002844837779,0.09269594758553751,0.08237306165873279,0.4002999667802499
frozenset({'62501'}),frozenset({'99111'}),0.016870536661245845,0.11201300996959626,0.011737255179240614,0.6957250628667228,6.211109433230691,1.0,0.009847535588012045,2.9183704658574996,0.853395406082776,0.10019314340898117,0.6573430235471589,0.4002549061335255
frozenset({'99111'}),frozenset({'62501'}),0.11201300996959626,0.016870536661245845,0.011737255179240614,0.10478474940032825,6.21110943323069,1.0,0.009847535588012045,1.098204552123293,0.9448315989057354,0.10019314340898117,0.08942282376577504,0.4002549061335255
frozenset({'67211'}),frozenset({'99111'}),0.01629074453793396,0.11201300996959626,0.011298875768931627,0.693576388888889,6.191927072374421,1.0,0.009474100438591884,2.897906551034066,0.8523853823935758,0.0965675610345661,0.6549233101932952,0.39722374551122897
frozenset({'99111'}),frozenset({'67211'}),0.11201300996959626,0.01629074453793396,0.011298875768931627,0.100871102133569,6.191927072374419,1.0,0.009474100438591884,1.09406922388585,0.9442699040584182,0.0965675610345661,0.08598105296458364,0.39722374551122897
frozenset({'99111'}),frozenset({'27602'}),0.11201300996959626,0.009997878809304956,0.006858516580640599,0.06122964272187855,6.124263345230045,1.0,0.0057386240818991085,1.0545732654587812,0.9422604891333437,0.059560358590200174,0.05174914559875502,0.37361340693378225
frozenset({'27602'}),frozenset({'99111'}),0.009997878809304956,0.11201300996959626,0.006858516580640599,0.6859971711456859,6.124263345230045,1.0,0.0057386240818991085,2.8279585673490777,0.8451649119334816,0.059560358590200174,0.646388030027824,0.37361340693378225
"frozenset({'23313', '23322'})",frozenset({'23312'}),0.008315067524570459,0.06447005585802164,0.003040373329562328,0.36564625850340143,5.6715672669594275,1.0,0.0025043004617900486,1.4747764266903038,0.8305882914751676,0.04359286293592863,0.3219311199296819,0.2064028616491563
frozenset({'49211'}),frozenset({'43412'}),0.016686700134342078,0.03685215300855547,0.0034646114685710247,0.20762711864406777,5.634056674948294,1.0,0.002849670642012367,1.2155234860426787,0.8364658526098294,0.06918949449308105,0.17730919107482496,0.15082046645940916
frozenset({'43412'}),frozenset({'49211'}),0.03685215300855547,0.016686700134342078,0.0034646114685710247,0.09401381427475057,5.634056674948294,1.0,0.002849670642012367,1.0853513170054656,0.8539789610950753,0.06918949449308105,0.07863934531443138,0.15082046645940916
frozenset({'25531'}),frozenset({'99111'}),0.009884748638902638,0.11201300996959626,0.006165594286926395,0.6237482117310444,5.568533618553316,1.0,0.00505837383909004,2.3600870951758646,0.8286101119219932,0.05327468230694038,0.5762868234634011,0.33939588341886145
frozenset({'99111'}),frozenset({'25531'}),0.11201300996959626,0.009884748638902638,0.006165594286926395,0.05504355510667846,5.568533618553315,1.0,0.00505837383909004,1.047789299402973,0.9239093798186175,0.05327468230694038,0.04560964635752924,0.33939588341886145
frozenset({'99111'}),frozenset({'25711'}),0.11201300996959626,0.010803931273421481,0.006702962596337411,0.059840929175609146,5.538810610802619,1.0,0.005492781734896817,1.0521581926122234,0.9228241323279429,0.057727438801607606,0.04957257661296051,0.3401298886715742
frozenset({'25711'}),frozenset({'99111'}),0.010803931273421481,0.11201300996959626,0.006702962596337411,0.6204188481675392,5.538810610802618,1.0,0.005492781734896817,2.3393864151145807,0.8284058636102535,0.057727438801607606,0.572537485240111,0.3401298886715742
frozenset({'49211'}),frozenset({'43413'}),0.016686700134342078,0.04273492186947606,0.003804001979777982,0.22796610169491524,5.334421866762387,1.0,0.0030908971532774975,1.2399262263381101,0.8263269306489764,0.0683956267480295,0.19350040449316666,0.15848999988782825
frozenset({'43413'}),frozenset({'49211'}),0.04273492186947606,0.016686700134342078,0.003804001979777982,0.08901389808074124,5.334421866762387,1.0,0.0030908971532774975,1.0793944032669882,0.8488121832785751,0.0683956267480295,0.07355458118615972,0.15848999988782825
"frozenset({'23323', '23313'})",frozenset({'23312'}),0.00808880718376582,0.06447005585802164,0.0027009828183553702,0.33391608391608396,5.179398086011379,1.0,0.002179496967393221,1.4045226457984556,0.813507678741252,0.03866396761133603,0.2880143278633212,0.18790561818089788
frozenset({'43414'}),frozenset({'43413'}),0.026472459874142686,0.04273492186947606,0.005656508520115958,0.21367521367521364,5.000014141311295,1.0,0.004525210015701631,1.2173914580572966,0.8217544267391022,0.08900756564307966,0.17857153228609654,0.17301894370061144
frozenset({'43413'}),frozenset({'43414'}),0.04273492186947606,0.026472459874142686,0.005656508520115958,0.13236267372600927,5.000014141311295,1.0,0.004525210015701631,1.1220443273304122,0.835714771098932,0.08900756564307966,0.10876961306937155,0.17301894370061144
frozenset({'23313'}),"frozenset({'23323', '23312'})",0.048405571660892315,0.011482712295835395,0.0027009828183553702,0.05579900671925212,4.859392561763441,1.0,0.0021451555654579007,1.0469352338525233,0.8346128757282866,0.04723046488625123,0.0448310767799939,0.14551034079804973
"frozenset({'23323', '23312'})",frozenset({'23313'}),0.011482712295835395,0.048405571660892315,0.0027009828183553702,0.23522167487684734,4.859392561763441,1.0,0.0021451555654579007,1.2442748402759347,0.8034386168477442,0.04723046488625123,0.19631903850258958,0.14551034079804973
"frozenset({'23311', '23321'})",frozenset({'23111'}),0.015498833345117726,0.04888637488510217,0.0036484479954747933,0.23540145985401462,4.815277475723646,1.0,0.002890766218283646,1.2439385836824917,0.804801126307518,0.06006984866123399,0.1961017906208428,0.15501632148037728
frozenset({'23111'}),"frozenset({'23311', '23321'})",0.04888637488510217,0.015498833345117726,0.0036484479954747933,0.07463118310673995,4.815277475723645,1.0,0.002890766218283646,1.0639013857849104,0.8330525679086964,0.06006984866123399,0.060063260221966924,0.15501632148037728
frozenset({'43412'}),frozenset({'43413'}),0.03685215300855547,0.04273492186947606,0.0075797214169553845,0.20567920184190333,4.812906935225081,1.0,0.006004847537412789,1.2051366152696357,0.8225376443335015,0.10526315789473685,0.17021855669345715,0.1915225923173779
frozenset({'43413'}),frozenset({'43412'}),0.04273492186947606,0.03685215300855547,0.0075797214169553845,0.17736598279285246,4.812906935225081,1.0,0.006004847537412789,1.170809651491611,0.8275924603416963,0.10526315789473685,0.1458901976713292,0.1915225923173779
frozenset({'23602'}),frozenset({'99111'}),0.006405995899031323,0.11201300996959626,0.003266633670366966,0.5099337748344371,4.552451317689335,1.0,0.002549078787863578,1.8119734526296079,0.7853691951497309,0.028367923369765444,0.448115534723337,0.2695483796530474
frozenset({'33111'}),frozenset({'23111'}),0.012147352046949021,0.04888637488510217,0.0026444177331542106,0.21769499417927823,4.4530811435891415,1.0,0.0020505777271257472,1.215783636865621,0.784971712626249,0.04528941632356503,0.17748522872205033,0.13589406926204292
frozenset({'23111'}),frozenset({'33111'}),0.04888637488510217,0.012147352046949021,0.0026444177331542106,0.05409314434480763,4.45308114358914,1.0,0.0020505777271257472,1.0443445272090817,0.8152931094772256,0.04528941632356503,0.04246158815768254,0.13589406926204292
frozenset({'21222'}),frozenset({'43412'}),0.019486671851799475,0.03685215300855547,0.002814112988757689,0.1444121915820029,3.9186907627480188,1.0,0.002095987176047664,1.1257147863903398,0.7596150995976755,0.05257595772787318,0.11167552199740617,0.11038721628217567
frozenset({'43412'}),frozenset({'21222'}),0.03685215300855547,0.019486671851799475,0.002814112988757689,0.07636224098234842,3.9186907627480183,1.0,0.002095987176047664,1.0615777869356922,0.7733109010674657,0.05257595772787318,0.058005911289308286,0.11038721628217567
frozenset({'23312'}),"frozenset({'23323', '23322'})",0.06447005585802164,0.017563458954960053,0.004412076645690447,0.06843606053959202,3.896502432413244,1.0,0.0032797594658041025,1.0546098871260507,0.7945866297376365,0.056840954636545815,0.05178207391443078,0.1598218950040955
"frozenset({'23323', '23322'})",frozenset({'23312'}),0.017563458954960053,0.06447005585802164,0.004412076645690447,0.251207729468599,3.8965024324132433,1.0,0.0032797594658041025,1.2493851512089647,0.7566489582560574,0.056840954636545815,0.19960630312249802,0.1598218950040955
frozenset({'43413'}),frozenset({'99600'}),0.04273492186947606,0.015908930212826133,0.0026444177331542106,0.061879549966909336,3.889611000808883,1.0,0.0019645508434821385,1.0490028969653755,0.7760701803225968,0.04722222222222222,0.04671378611740183,0.11405088609456576
frozenset({'99600'}),frozenset({'43413'}),0.015908930212826133,0.04273492186947606,0.0026444177331542106,0.1662222222222222,3.8896110008088827,1.0,0.0019645508434821385,1.1481057706789333,0.7549147681646434,0.04722222222222222,0.1290001099736227,0.11405088609456576
frozenset({'23311'}),frozenset({'23111'}),0.05300148483348653,0.04888637488510217,0.009856466096302058,0.18596584845250802,3.8040425147003485,1.0,0.007265415639265178,1.1683952366209889,0.7783768913012445,0.10709895513214505,0.14412523377619174,0.19379287505066822
frozenset({'23111'}),frozenset({'23311'}),0.04888637488510217,0.05300148483348653,0.009856466096302058,0.20161990164882845,3.804042514700348,1.0,0.007265415639265178,1.1861499517864627,0.7750091480533237,0.10709895513214505,0.15693627226987777,0.19379287505066822
frozenset({'23313'}),"frozenset({'23312', '23322'})",0.048405571660892315,0.016531146150038888,0.003040373329562328,0.06281040023371312,3.7995187788939466,1.0,0.0022401737499599364,1.0493808873841697,0.7742886607344044,0.04912040210189628,0.04705716292133298,0.12336413938118505
"frozenset({'23312', '23322'})",frozenset({'23313'}),0.016531146150038888,0.048405571660892315,0.003040373329562328,0.183917878528657,3.7995187788939466,1.0,0.0022401737499599364,1.166052292168152,0.7491938078126641,0.04912040210189628,0.14240552785106667,0.12336413938118505
frozenset({'43414'}),frozenset({'43412'}),0.026472459874142686,0.03685215300855547,0.0036060241815739236,0.13621794871794873,3.6963362408249214,1.0,0.0026304570397791723,1.115035726387127,0.7492975918778534,0.060383613544873316,0.10316774939567085,0.11703453076726295
frozenset({'43412'}),frozenset({'43414'}),0.03685215300855547,0.026472459874142686,0.0036060241815739236,0.09785111281657714,3.6963362408249214,1.0,0.0026304570397791723,1.0791207016452506,0.7573726543870423,0.060383613544873316,0.0733196031960294,0.11703453076726295
"frozenset({'23312', '23313'})",frozenset({'23323'}),0.008428197694972777,0.09128190624337128,0.0027009828183553702,0.3204697986577182,3.5107702265035696,1.0,0.0019316408665622673,1.3372740342690141,0.7212409808337048,0.027842565597667644,0.25221011223281264,0.1750296320941573
frozenset({'43413'}),frozenset({'21222'}),0.04273492186947606,0.019486671851799475,0.002898960616559429,0.06783587028457976,3.481141921026167,1.0,0.00206619921747666,1.051867688201584,0.7445565038428515,0.04886769964243147,0.049310087935360014,0.10830109914809538
frozenset({'21222'}),frozenset({'43413'}),0.019486671851799475,0.04273492186947606,0.002898960616559429,0.14876632801161102,3.481141921026166,1.0,0.00206619921747666,1.1245620440442132,0.7269028572715023,0.04886769964243147,0.11076493707386396,0.10830109914809538
"frozenset({'23313', '23322'})",frozenset({'23323'}),0.008315067524570459,0.09128190624337128,0.0025030050201513116,0.3010204081632653,3.2977007224268484,1.0,0.0017439898059661697,1.300063842162768,0.7026005844602033,0.025779201864258666,0.23080700534181925,0.16422050617303466
"frozenset({'23312', '23321'})",frozenset({'23322'}),0.009234250159089302,0.13134412783709257,0.003832284522378562,0.41500765696784075,3.1596970782171465,1.0,0.0026194199890034442,1.4849012683831897,0.6898845313707911,0.028024819027921404,0.32655455194752897,0.22209254510752072
"frozenset({'23311', '23111'})",frozenset({'23321'}),0.009856466096302058,0.1247118715972566,0.0036484479954747933,0.3701578192252511,2.968104114583698,1.0,0.002419229661270058,1.3896943633182508,0.6696853256560162,0.027867790019442645,0.2804173159253204,0.19970641840047
frozenset({'23313'}),"frozenset({'23323', '23322'})",0.048405571660892315,0.017563458954960053,0.0025030050201513116,0.05170902716914987,2.9441254881372245,1.0,0.001652835749093852,1.036007479974483,0.693930676021629,0.03943850267379679,0.03475600386144881,0.09711055223191793
"frozenset({'23323', '23322'})",frozenset({'23313'}),0.017563458954960053,0.048405571660892315,0.0025030050201513116,0.14251207729468598,2.9441254881372245,1.0,0.001652835749093852,1.1097467417813818,0.6721457695917472,0.03943850267379679,0.09889350213834808,0.09711055223191793
"frozenset({'23323', '23312'})",frozenset({'23322'}),0.011482712295835395,0.13134412783709257,0.004412076645690447,0.3842364532019705,2.925417828184468,1.0,0.002903889813989689,1.4106971363925616,0.6658138365361232,0.031875766244380876,0.2911306231490606,0.20891409223406016
"frozenset({'23312', '23322'})",frozenset({'23323'}),0.016531146150038888,0.09128190624337128,0.004412076645690447,0.2668947818648417,2.9238519751467518,1.0,0.0029030821127271293,1.2395466179714107,0.669045510921751,0.04266958424507659,0.1932534158041127,0.15761470309353628
frozenset({'23113'}),frozenset({'23112'}),0.04263593297037404,0.048052039878385064,0.005981757760022626,0.14029850746268657,2.919720116310736,1.0,0.00393301420867806,1.107300578613684,0.6867830541500362,0.07061769616026713,0.09690284705533343,0.1323917493169819
frozenset({'23112'}),frozenset({'23113'}),0.048052039878385064,0.04263593297037404,0.005981757760022626,0.12448499117127723,2.919720116310736,1.0,0.00393301420867806,1.0934867562240904,0.6906905056071638,0.07061769616026713,0.08549418243245005,0.1323917493169819
frozenset({'33131'}),frozenset({'23324'}),0.015512974616418016,0.060468076080039596,0.0026302764618539205,0.16955332725615316,2.804013923507687,1.0,0.0016922367325206329,1.1313573222175595,0.6535062153311604,0.03585887796414112,0.1161059548897315,0.10652596203780529
"frozenset({'23312', '23313'})",frozenset({'23322'}),0.008428197694972777,0.13134412783709257,0.003040373329562328,0.3607382550335571,2.74651224210788,1.0,0.0019333790540775344,1.3588422567167793,0.6413069210912877,0.02223601199710415,0.2640794065264133,0.19194320159085262
"frozenset({'23311', '23322'})",frozenset({'23321'}),0.008951424733083505,0.1247118715972566,0.0030545146008626174,0.3412322274881516,2.7361647541472545,1.0,0.0019381656689378005,1.3286747848415745,0.6402561364623663,0.023386747509744475,0.24737037881001417,0.18286240017110833
frozenset({'23312'}),frozenset({'23313'}),0.06447005585802164,0.048405571660892315,0.008428197694972777,0.13073042333845142,2.700730904580366,1.0,0.005307487786155581,1.094705778147361,0.6731263576309972,0.08069320335770376,0.08651254066424822,0.15242334780711644
frozenset({'23313'}),frozenset({'23312'}),0.048405571660892315,0.06447005585802164,0.008428197694972777,0.17411627227578147,2.7007309045803654,1.0,0.005307487786155581,1.132762291757337,0.6617628739736706,0.08069320335770376,0.11720225216128373,0.15242334780711644
frozenset({'23111'}),frozenset({'23112'}),0.04888637488510217,0.048052039878385064,0.006109029201725235,0.12496384148105291,2.600593893564643,1.0,0.0037599391662366233,1.0878955696331976,0.6471071732620545,0.06725829051844932,0.08079412407464172,0.12604872474288076
frozenset({'23112'}),frozenset({'23111'}),0.048052039878385064,0.04888637488510217,0.006109029201725235,0.12713360800470863,2.600593893564643,1.0,0.0037599391662366233,1.0896439980244177,0.6465400160324919,0.06725829051844932,0.0822690697025331,0.12604872474288076
frozenset({'23113'}),frozenset({'23114'}),0.04263593297037404,0.031619882627448206,0.0034363289259704446,0.08059701492537313,2.5489346647798574,1.0,0.0020881857297354684,1.0532705822071586,0.6347420537228514,0.048522364217252395,0.050576350566564364,0.09463661121939497
frozenset({'23114'}),frozenset({'23113'}),0.031619882627448206,0.04263593297037404,0.0034363289259704446,0.1086762075134168,2.548934664779857,1.0,0.0020881857297354684,1.0740923501646982,0.6275213866592245,0.048522364217252395,0.06898135914787694,0.09463661121939497
frozenset({'23324'}),frozenset({'20111'}),0.060468076080039596,0.021692710174644702,0.003238351127766386,0.05355472404115996,2.4687889899417383,1.0,0.0019266346785437212,1.0336649298970149,0.6332335186671215,0.04103207310517828,0.0325685131838312,0.10141882225526055
frozenset({'20111'}),frozenset({'23324'}),0.021692710174644702,0.060468076080039596,0.003238351127766386,0.14928292046936115,2.4687889899417383,1.0,0.0019266346785437212,1.104399978002467,0.6081352068736342,0.04103207310517828,0.09453094900571762,0.10141882225526055
"frozenset({'23323', '23321'})",frozenset({'23322'}),0.010605953475217422,0.13134412783709257,0.0033514812981687053,0.316,2.405893626184324,1.0,0.001958451589085492,1.2699647253843676,0.5906180938570551,0.024181205999387813,0.2125765542839468,0.17075839793281655
"frozenset({'23323', '23313'})",frozenset({'23322'}),0.00808880718376582,0.13134412783709257,0.0025030050201513116,0.3094405594405595,2.3559527520283337,1.0,0.001440587695357181,1.2579016680435013,0.5802366932250026,0.018279458845399152,0.2050253009399639,0.16424870349288956
frozenset({'23312'}),"frozenset({'23321', '23322'})",0.06447005585802164,0.025242169271017464,0.003832284522378562,0.0594428602763764,2.3549030052907325,1.0,0.002204920459498429,1.0363621619154457,0.6150033611709236,0.044623744442614854,0.03508634650288637,0.10563179428384648
"frozenset({'23321', '23322'})",frozenset({'23312'}),0.025242169271017464,0.06447005585802164,0.003832284522378562,0.15182072829131654,2.3549030052907325,1.0,0.002204920459498429,1.1029860966271012,0.5902533347109186,0.044623744442614854,0.0933702581945772,0.10563179428384648
frozenset({'23321'}),frozenset({'23311'}),0.1247118715972566,0.05300148483348653,0.015498833345117726,0.12427712892618212,2.3447857982964164,1.0,0.008888918974100012,1.0813906390332102,0.6552377357262336,0.09554528811786243,0.07526478970261424,0.2083498771631978
frozenset({'23311'}),frozenset({'23321'}),0.05300148483348653,0.1247118715972566,0.015498833345117726,0.29242262540021347,2.3447857982964164,1.0,0.008888918974100012,1.2370210804123236,0.6056206025432072,0.09554528811786243,0.19160633894235643,0.2083498771631978
"frozenset({'23321', '23322'})",frozenset({'23311'}),0.025242169271017464,0.05300148483348653,0.0030545146008626174,0.12100840336134452,2.283113458830704,1.0,0.0017166421490804856,1.0773692476559762,0.5765551203314151,0.04062441226255407,0.07181312054739615,0.08931956987704366
frozenset({'23311'}),"frozenset({'23321', '23322'})",0.05300148483348653,0.025242169271017464,0.0030545146008626174,0.05763073639274279,2.283113458830704,1.0,0.0017166421490804856,1.0343692948958738,0.5934556489680655,0.04062441226255407,0.03322729615570588,0.08931956987704366
frozenset({'23113'}),frozenset({'23111'}),0.04263593297037404,0.04888637488510217,0.004284805203987839,0.10049751243781097,2.0557366479721733,1.0,0.002200489001222046,1.057377426150965,0.5364274536759437,0.049116550494407524,0.05426390306045084,0.09407288118274697
frozenset({'23111'}),frozenset({'23113'}),0.04888637488510217,0.04263593297037404,0.004284805203987839,0.08764824992768297,2.055736647972173,1.0,0.002200489001222046,1.0493365820296185,0.5399526987698324,0.049116550494407524,0.047016927527859693,0.09407288118274697
frozenset({'23312'}),frozenset({'23322'}),0.06447005585802164,0.13134412783709257,0.016531146150038888,0.25641588067558674,1.952244724588083,1.0,0.008063382891758395,1.1682012156904704,0.5213827094327838,0.0922069727086291,0.1439830856459556,0.19113860355915424
frozenset({'23322'}),frozenset({'23312'}),0.13134412783709257,0.06447005585802164,0.016531146150038888,0.12586132644272177,1.952244724588083,1.0,0.008063382891758395,1.070230585194075,0.5615217172454334,0.0922069727086291,0.06562191939351034,0.19113860355915424
frozenset({'23312'}),frozenset({'23323'}),0.06447005585802164,0.09128190624337128,0.011482712295835395,0.17810923448124588,1.9511997701535713,1.0,0.005597762701498555,1.105643391896576,0.5210894826290569,0.07959223681631052,0.09554924550795678,0.1519515963266028
frozenset({'23323'}),frozenset({'23312'}),0.09128190624337128,0.06447005585802164,0.011482712295835395,0.1257939581719597,1.951199770153571,1.0,0.005597762701498555,1.070148110834037,0.5364642983630233,0.07959223681631052,0.06554990858168769,0.1519515963266028
"frozenset({'23312', '23322'})",frozenset({'23321'}),0.016531146150038888,0.1247118715972566,0.003832284522378562,0.23182207014542344,1.8588612870318197,1.0,0.0017706543463594294,1.1394341003372015,0.46980261968955644,0.027889266234434495,0.1223713598670935,0.13127558887699792
frozenset({'23323'}),frozenset({'23313'}),0.09128190624337128,0.048405571660892315,0.00808880718376582,0.08861347792408986,1.8306462434712283,1.0,0.003670254329759458,1.044117293035686,0.49932406917701033,0.061465721040189124,0.042253196388902306,0.12785917834270516
frozenset({'23313'}),frozenset({'23323'}),0.048405571660892315,0.09128190624337128,0.00808880718376582,0.16710487876132046,1.830646243471228,1.0,0.003670254329759458,1.0910354384177272,0.47682584386427335,0.061465721040189124,0.08343948804243351,0.12785917834270516
frozenset({'23312'}),frozenset({'23311'}),0.06447005585802164,0.05300148483348653,0.006250441914728134,0.09695108576442202,1.8292145223668899,1.0,0.002833433226955171,1.0486680181307104,0.48455665875721154,0.05619834710743802,0.046409366252499036,0.10744032409885988
frozenset({'23311'}),frozenset({'23312'}),0.05300148483348653,0.06447005585802164,0.006250441914728134,0.11792956243329775,1.8292145223668896,1.0,0.002833433226955171,1.0606068453249047,0.47868846322430575,0.05619834710743802,0.057143554741378715,0.10744032409885988
frozenset({'23114'}),frozenset({'23112'}),0.031619882627448206,0.048052039878385064,0.00267270027575479,0.08452593917710197,1.7590499673068765,1.0,0.0011533004147907938,1.039841543151896,0.4456011733717307,0.03471074380165289,0.03831501387329747,0.070073446339581
frozenset({'23112'}),frozenset({'23114'}),0.048052039878385064,0.031619882627448206,0.00267270027575479,0.05562095350206003,1.7590499673068762,1.0,0.0011533004147907938,1.0254146584082053,0.45329296836345573,0.03471074380165289,0.02478476214457243,0.070073446339581
frozenset({'23314'}),frozenset({'23324'}),0.02976737608711023,0.060468076080039596,0.002983808244361168,0.1002375296912114,1.6576933844981323,1.0,0.0011838322824226353,1.0441999471232928,0.40892474878615376,0.034197730956239875,0.042329007241439724,0.07479135605234097
frozenset({'23314'}),frozenset({'27211'}),0.02976737608711023,0.05478328501732306,0.0027009828183553702,0.09073634204275535,1.656277859461395,1.0,0.0010702281699573636,1.0395408490274478,0.40839336991615866,0.03299930891499654,0.03803684007650162,0.0700196939950483
"frozenset({'27211', '99111'})",frozenset({'23324'}),0.04402177755780245,0.060468076080039596,0.004341370289188998,0.09861869579184067,1.630921672806364,1.0,0.00167945809464522,1.0423246183759218,0.40466378854508384,0.04334933634566506,0.04060598553440017,0.08520738344316074
frozenset({'23324'}),"frozenset({'27211', '99111'})",0.060468076080039596,0.04402177755780245,0.004341370289188998,0.07179607109448082,1.6309216728063638,1.0,0.00167945809464522,1.0299226200964566,0.4117473386598949,0.04334933634566506,0.02905327013174478,0.08520738344316074
frozenset({'23311'}),frozenset({'23112'}),0.05300148483348653,0.048052039878385064,0.00403026232058262,0.07604055496264674,1.5824625792182354,1.0,0.0014834328577503042,1.0302919302731195,0.38867381394187606,0.04153913423699169,0.029401307904148494,0.07995671067732102
frozenset({'23112'}),frozenset({'23311'}),0.048052039878385064,0.05300148483348653,0.00403026232058262,0.08387286639199529,1.5824625792182354,1.0,0.0014834328577503042,1.0336977046372673,0.3866529895605213,0.04153913423699169,0.032599186866814206,0.07995671067732102
frozenset({'27211'}),frozenset({'23324'}),0.05478328501732306,0.060468076080039596,0.005189846567206392,0.09473412493546722,1.566679991770712,1.0,0.0018772067208644078,1.037851917098924,0.3826715618222381,0.047154053706796865,0.0364714045186045,0.09028100072778975
frozenset({'23324'}),frozenset({'27211'}),0.060468076080039596,0.05478328501732306,0.005189846567206392,0.08582787652011226,1.566679991770712,1.0,0.0018772067208644078,1.0339592410503777,0.38498697848793956,0.047154053706796865,0.03284388755583756,0.09028100072778975
frozenset({'23321'}),frozenset({'23322'}),0.1247118715972566,0.13134412783709257,0.025242169271017464,0.2024039006690101,1.5410197928304314,1.0,0.00886199726514432,1.0890924277231562,0.4011011422793234,0.10936159784340155,0.08180428534372586,0.1972936816006549
frozenset({'23322'}),frozenset({'23321'}),0.13134412783709257,0.1247118715972566,0.025242169271017464,0.1921834625322997,1.5410197928304312,1.0,0.00886199726514432,1.083523408850417,0.4041635812024192,0.10936159784340155,0.07708500634890096,0.1972936816006549
"frozenset({'23323', '23322'})",frozenset({'23321'}),0.017563458954960053,0.1247118715972566,0.0033514812981687053,0.19082125603864733,1.5300969634621777,1.0,0.0011611094601740408,1.0816993586827932,0.35264022978055215,0.024124592833876222,0.07552871139933026,0.10884752562676216
"frozenset({'23311', '23321'})",frozenset({'23322'}),0.015498833345117726,0.13134412783709257,0.0030545146008626174,0.19708029197080287,1.500488032592089,1.0,0.001018833852655682,1.0818714044210755,0.3388011893304988,0.02124311565696302,0.07567572641859971,0.11016805296214562
frozenset({'33131'}),frozenset({'99111'}),0.015512974616418016,0.11201300996959626,0.002587852647953051,0.16681859617137648,1.4892787562503331,1.0,0.0008501976675861259,1.0657786959117648,0.3337108815680638,0.02071307300509338,0.061718906714955064,0.09496086985692925
frozenset({'23323'}),frozenset({'23322'}),0.09128190624337128,0.13134412783709257,0.017563458954960053,0.1924089852827266,1.4649226307351433,1.0,0.005574116592117198,1.075613591945438,0.34925032815058393,0.08564926556789189,0.07029810009064436,0.16306495775764235
frozenset({'23322'}),frozenset({'23323'}),0.13134412783709257,0.09128190624337128,0.017563458954960053,0.13372093023255813,1.464922630735143,1.0,0.005574116592117198,1.0489900142693969,0.3653576780073343,0.08564926556789189,0.04670207876432225,0.16306495775764235
frozenset({'33131'}),frozenset({'23321'}),0.015512974616418016,0.1247118715972566,0.002828254260057979,0.18231540565177756,1.4618929482555223,1.0,0.0008936021616037548,1.070447131391092,0.32093402568301305,0.020584602717167555,0.06581093948987739,0.10249685692499298
"frozenset({'23321', '23322'})",frozenset({'23323'}),0.025242169271017464,0.09128190624337128,0.0033514812981687053,0.13277310924369748,1.4545391820554714,1.0,0.0010473279693923817,1.0478435383433993,0.3205894073422496,0.029613894789453952,0.045659047932898655,0.0847444167442345
frozenset({'23323'}),frozenset({'23324'}),0.09128190624337128,0.060468076080039596,0.007848405571660892,0.08597986057319908,1.421905014133249,1.0,0.002328764320205676,1.0279116218480244,0.32652386279837253,0.05454009433962264,0.027153717551946486,0.10788703038014491
frozenset({'23324'}),frozenset({'23323'}),0.060468076080039596,0.09128190624337128,0.007848405571660892,0.12979420018709073,1.4219050141332488,1.0,0.002328764320205676,1.0442565355827316,0.31581485909516127,0.05454009433962264,0.04238090361391412,0.10788703038014491
frozenset({'23113'}),frozenset({'23311'}),0.04263593297037404,0.05300148483348653,0.0032100685851658064,0.07529021558872305,1.4205303082594851,1.0,0.0009503008304749786,1.024103487527632,0.30922149415339767,0.034730722154222765,0.023536183424023034,0.06792792529702961
frozenset({'23311'}),frozenset({'23113'}),0.05300148483348653,0.04263593297037404,0.0032100685851658064,0.060565635005336176,1.4205303082594851,1.0,0.0009503008304749786,1.0190856356793632,0.3126061366670901,0.034730722154222765,0.018728196150699372,0.06792792529702961
frozenset({'20111'}),frozenset({'99111'}),0.021692710174644702,0.11201300996959626,0.003408046383369865,0.15710560625814862,1.4025657046515567,1.0,0.0009781806223098256,1.0534973261458926,0.2933852451873043,0.026155849793792058,0.05078069475658471,0.09376552879502559
frozenset({'23312'}),frozenset({'23112'}),0.06447005585802164,0.048052039878385064,0.004298946475288128,0.06668128975652556,1.3876890538942628,1.0,0.0012010287802367596,1.0199602233124425,0.2986301715880486,0.039722984450542266,0.019569609535967213,0.07807284028732693
frozenset({'23112'}),frozenset({'23312'}),0.048052039878385064,0.06447005585802164,0.004298946475288128,0.0894643908181283,1.3876890538942626,1.0,0.0012010287802367596,1.0274501455056375,0.2934797693239292,0.039722984450542266,0.026716766381037895,0.07807284028732693
frozenset({'23313'}),frozenset({'23324'}),0.048405571660892315,0.060468076080039596,0.004001979777982041,0.08267601519135262,1.367267168909378,1.0,0.0010749879880933956,1.0242094826681607,0.28227786962531737,0.038160733549083066,0.023637237379498494,0.07442968205779044
frozenset({'23324'}),frozenset({'23313'}),0.060468076080039596,0.048405571660892315,0.004001979777982041,0.06618334892422825,1.367267168909378,1.0,0.0010749879880933956,1.0190377599744616,0.2859019913428386,0.038160733549083066,0.01868209473900019,0.07442968205779044
frozenset({'23322'}),frozenset({'23313'}),0.13134412783709257,0.048405571660892315,0.008315067524570459,0.06330749354005168,1.3078555085260748,1.0,0.0019572799323146735,1.0159090862544404,0.2709813506857151,0.04850284583024003,0.015659950747261998,0.11754331732217307
frozenset({'23313'}),frozenset({'23322'}),0.048405571660892315,0.13134412783709257,0.008315067524570459,0.17177914110429446,1.3078555085260746,1.0,0.0019572799323146735,1.0488215345374363,0.2473633036404242,0.04850284583024003,0.04654894367607374,0.11754331732217307
frozenset({'23312'}),frozenset({'23324'}),0.06447005585802164,0.060468076080039596,0.005034292582903203,0.07808729984645757,1.2913805913569334,1.0,0.0011359123403959486,1.0191115967525815,0.2411840994150021,0.041986083264535914,0.01875319328470096,0.08067133935260204
frozenset({'23324'}),frozenset({'23312'}),0.060468076080039596,0.06447005585802164,0.005034292582903203,0.0832553788587465,1.2913805913569332,1.0,0.0011359123403959486,1.0204913370283417,0.24015676456447088,0.041986083264535914,0.020079873571501577,0.08067133935260204
frozenset({'23313'}),frozenset({'23311'}),0.048405571660892315,0.05300148483348653,0.0033090574842678357,0.06836108676599474,1.2897956912105972,1.0,0.0007434903120268062,1.0164866470413847,0.23611257176911338,0.03373216087645957,0.0162192460563758,0.06539719226239972
frozenset({'23311'}),frozenset({'23313'}),0.05300148483348653,0.048405571660892315,0.0033090574842678357,0.0624332977588047,1.2897956912105972,1.0,0.0007434903120268062,1.014961843316726,0.23725845833749723,0.03373216087645957,0.014741286497858204,0.06539719226239972
frozenset({'23322'}),frozenset({'23311'}),0.13134412783709257,0.05300148483348653,0.008951424733083505,0.06815245478036176,1.2858593489309718,1.0,0.0019899909335583266,1.0162590651492291,0.25592409346215056,0.0510360396678223,0.01599893738398438,0.11852126474343597
frozenset({'23311'}),frozenset({'23322'}),0.05300148483348653,0.13134412783709257,0.008951424733083505,0.16889007470651016,1.2858593489309715,1.0,0.0019899909335583266,1.0451756689780345,0.23475218076215926,0.0510360396678223,0.04322303926401851,0.11852126474343597
frozenset({'23321'}),frozenset({'23111'}),0.1247118715972566,0.04888637488510217,0.007763557943859153,0.06225195600408211,1.2734009455680262,1.0,0.0016668466363329417,1.0142528488377611,0.245292238252402,0.04681504221028396,0.014052559826766576,0.11053008560979344
frozenset({'23111'}),frozenset({'23321'}),0.04888637488510217,0.1247118715972566,0.007763557943859153,0.15880821521550478,1.273400945568026,1.0,0.0016668466363329417,1.0405333768529175,0.22573683991303153,0.04681504221028396,0.03895442256308034,0.11053008560979344
frozenset({'23312'}),frozenset({'23111'}),0.06447005585802164,0.04888637488510217,0.003945414692780881,0.06119763105944286,1.2518340990363037,1.0,0.0007937073732421579,1.0131137889950512,0.2150354511255139,0.03606048856145793,0.012944043539333644,0.07095172267464477
frozenset({'23111'}),frozenset({'23312'}),0.04888637488510217,0.06447005585802164,0.003945414692780881,0.08070581428984668,1.2518340990363035,1.0,0.0007937073732421579,1.0176611129322906,0.21151216665169195,0.03606048856145793,0.017354611184269116,0.07095172267464477
frozenset({'23313'}),frozenset({'23112'}),0.048405571660892315,0.048052039878385064,0.0027999717174573995,0.057843996494303246,1.2037781671850072,1.0,0.00047398525767217625,1.0103931372081514,0.17789318015199265,0.029895817605314817,0.010286230998033991,0.05805678341489735
frozenset({'23112'}),frozenset({'23313'}),0.048052039878385064,0.048405571660892315,0.0027999717174573995,0.05826957033549147,1.203778167185007,1.0,0.00047398525767217625,1.01047433359259,0.1778271146781331,0.029895817605314817,0.010365759173070782,0.05805678341489735
frozenset({'23312'}),frozenset({'23321'}),0.06447005585802164,0.1247118715972566,0.009234250159089302,0.14323316516779996,1.1485126743214622,1.0,0.0011940688310557463,1.0216176593415534,0.13821972789361286,0.051316306483300586,0.021160224810019623,0.10863892071747522
frozenset({'23321'}),frozenset({'23312'}),0.1247118715972566,0.06447005585802164,0.009234250159089302,0.07404467626715047,1.148512674321462,1.0,0.0011940688310557463,1.0103402617423594,0.14773271808404181,0.051316306483300586,0.010234435005616204,0.10863892071747522
frozenset({'23314'}),frozenset({'23323'}),0.02976737608711023,0.09128190624337128,0.0030545146008626174,0.10261282660332541,1.1241310663445634,1.0,0.0003372917677678493,1.0126265682147715,0.11381189708875179,0.02588686481303931,0.012469125945442831,0.06803762941320414
frozenset({'23113'}),frozenset({'23312'}),0.04263593297037404,0.06447005585802164,0.0030827971434631975,0.07230514096185739,1.1215306082732497,1.0,0.0003340561633043168,1.0084457567350964,0.11318722643069123,0.02963567156063078,0.00837502332543904,0.06006132240020924
frozenset({'23314'}),frozenset({'99111'}),0.02976737608711023,0.11201300996959626,0.003662589266775083,0.12304038004750593,1.0984472257365714,1.0,0.00032825587236088314,1.0125745471365113,0.09237371546072899,0.026517866284427156,0.012418391487393423,0.07786913586392466
frozenset({'27211'}),frozenset({'23313'}),0.05478328501732306,0.048405571660892315,0.0027999717174573995,0.05110996386164171,1.055869440396142,1.0,0.00014815548873227998,1.002850058592411,0.05597997599912595,0.0278912522890548,0.0028419588431907736,0.05447698017797248
frozenset({'23313'}),frozenset({'27211'}),0.048405571660892315,0.05478328501732306,0.0027999717174573995,0.057843996494303246,1.055869440396142,1.0,0.00014815548873227998,1.0032486249257995,0.0556047906996014,0.0278912522890548,0.0032381055354446194,0.05447698017797248
frozenset({'71201'}),frozenset({'99111'}),0.025171462914516014,0.11201300996959626,0.002969666973060878,0.11797752808988765,1.0532484407115776,1.0,0.00015013564666787335,1.0067623199070819,0.051861829812072886,0.022126224844589613,0.006716898093391178,0.07224466607751547
frozenset({'23323'}),frozenset({'23311'}),0.09128190624337128,0.05300148483348653,0.004963586226401753,0.05437645236250968,1.0259420567809157,1.0,0.00012550965707197083,1.001454032667078,0.02782610353416445,0.0356272838002436,0.0014519215257495783,0.07401319950035835
frozenset({'23311'}),frozenset({'23323'}),0.05300148483348653,0.09128190624337128,0.004963586226401753,0.09364994663820703,1.0259420567809157,1.0,0.00012550965707197083,1.0026127216366925,0.02670129187667668,0.0356272838002436,0.002605913111123716,0.07401319950035835
frozenset({'99111'}),frozenset({'23324'}),0.11201300996959626,0.060468076080039596,0.006717103867637701,0.05996717586163363,0.9917162864956554,1.0,-5.610734115807977e-05,0.9994671460341131,-0.009318905273501047,0.04052209520559632,-0.000533138050611506,0.08552615107394122
frozenset({'23324'}),frozenset({'99111'}),0.060468076080039596,0.11201300996959626,0.006717103867637701,0.11108512628624882,0.9917162864956554,1.0,-5.610734115807977e-05,0.9989561613706935,-0.008812153460638399,0.04052209520559632,-0.0010449293669445188,0.08552615107394122
frozenset({'23322'}),frozenset({'23324'}),0.13134412783709257,0.060468076080039596,0.007622145230856254,0.0580318690783807,0.9597108563792542,1.0,-0.0003199814838635061,0.9974137054941813,-0.04610018146168287,0.04138195777351247,-0.0025930007694623483,0.09204212724265153
frozenset({'23324'}),frozenset({'23322'}),0.060468076080039596,0.13134412783709257,0.007622145230856254,0.12605238540692235,0.9597108563792541,1.0,-0.0003199814838635061,0.9939450118727835,-0.04277123853577399,0.04138195777351247,-0.006091874354103036,0.09204212724265153
"frozenset({'27211', '99111'})",frozenset({'23312'}),0.04402177755780245,0.06447005585802164,0.0026444177331542106,0.060070671378091876,0.931760808620699,1.0,-0.00019366872496671657,0.9953194518503002,-0.07115793080929401,0.024983299933199733,-0.0047025587021318265,0.05054421921613521
frozenset({'23323'}),frozenset({'23321'}),0.09128190624337128,0.1247118715972566,0.010605953475217422,0.11618900077459335,0.9316595067213254,1.0,-0.000777983895358712,0.9903566816546379,-0.07469262736703831,0.051638667033874965,-0.009737217432865312,0.10061632825893746
frozenset({'23321'}),frozenset({'23323'}),0.1247118715972566,0.09128190624337128,0.010605953475217422,0.08504365574328156,0.9316595067213254,1.0,-0.000777983895358712,0.9931819145916109,-0.07732478249147154,0.051638667033874965,-0.006864890820321267,0.10061632825893746
"frozenset({'27211', '99111'})",frozenset({'23323'}),0.04402177755780245,0.09128190624337128,0.0036201654528742132,0.08223578541599744,0.9008990806649511,1.0,-0.00039822631882365607,0.9901433062178456,-0.1031934883542092,0.027491408934707907,-0.009954815348704344,0.06094748217352931
frozenset({'23111'}),frozenset({'23322'}),0.04888637488510217,0.13134412783709257,0.005769638690518278,0.11802140584321666,0.8985662913655325,1.0,-0.0006512995818826134,0.9848945064175699,-0.10609417632848364,0.03307124908810894,-0.015337169091717565,0.08097452721101402
frozenset({'27211'}),frozenset({'23312'}),0.05478328501732306,0.06447005585802164,0.0030545146008626174,0.05575632421270004,0.864840637574267,1.0,-0.00047736684429012036,0.9907717341733253,-0.1418815411694489,0.026286966046002187,-0.009314219924102377,0.051567567677747256
frozenset({'23311'}),frozenset({'23324'}),0.05300148483348653,0.060468076080039596,0.0027716891748568195,0.05229455709711846,0.8648291873533049,1.0,-0.00043320864240950887,0.9913754647668952,-0.14166431246991867,0.025038323965252938,-0.008699564937420315,0.04906589407709057
frozenset({'23114'}),frozenset({'99111'}),0.031619882627448206,0.11201300996959626,0.0030545146008626174,0.09660107334525939,0.8624094055813682,1.0,-0.00048732362712320234,0.9829400543108825,-0.14144777396365765,0.021728196358515237,-0.01735603876787563,0.06193517876327481
frozenset({'27211'}),frozenset({'23323'}),0.05478328501732306,0.09128190624337128,0.004228240118786679,0.07718120805369127,0.8455258137129014,1.0,-0.0007724825678684915,0.9847199706890013,-0.1619770748023428,0.02981056829511465,-0.015517131535686608,0.061750944847914574
frozenset({'23314'}),frozenset({'23322'}),0.02976737608711023,0.13134412783709257,0.003280774941667256,0.11021377672209026,0.8391222244727188,1.0,-0.0006289951084929627,0.9762523282984091,-0.16499920263884585,0.020786667861302753,-0.02432534193591398,0.06759612178051111
frozenset({'23313'}),frozenset({'99111'}),0.048405571660892315,0.11201300996959626,0.004426217916990737,0.09144025708442886,0.8163360408692574,1.0,-0.0009958358640447997,0.9773567417601517,-0.19122006049876616,0.02837458072704197,-0.02316785393946257,0.06547773490504741
frozenset({'23112'}),frozenset({'23321'}),0.048052039878385064,0.1247118715972566,0.004765608428197695,0.09917598587404357,0.7952409390047614,1.0,-0.001227051399101716,0.9716527475702457,-0.21289438327246035,0.02836700336700337,-0.02917426261659896,0.06869446759401238
frozenset({'23113'}),frozenset({'23323'}),0.04263593297037404,0.09128190624337128,0.0030827971434631975,0.07230514096185739,0.7921081399097979,1.0,-0.000809092092537148,0.9795441732843173,-0.21515824224503058,0.02356247297881539,-0.020883005864958833,0.0530387052601696
frozenset({'23112'}),frozenset({'23322'}),0.048052039878385064,0.13134412783709257,0.004935303683801174,0.10270747498528547,0.7819723399638739,1.0,-0.0013760495848185042,0.9680854882287829,-0.22653998281860827,0.028288887087622602,-0.032966625529743256,0.07014142052451182
frozenset({'23313'}),frozenset({'23321'}),0.048405571660892315,0.1247118715972566,0.004496924273492187,0.09290096406660824,0.7449247844393017,1.0,-0.0015398251640728186,0.9649311637753915,-0.2646169069556287,0.02666890305266689,-0.03634335540309226,0.06447973705087981
frozenset({'23112'}),frozenset({'23323'}),0.048052039878385064,0.09128190624337128,0.003252492399066676,0.06768687463213655,0.7415146924262642,1.0,-0.001133789399914807,0.9746919452604244,-0.2680357687371026,0.023901070352280993,-0.02596518301258114,0.05165908410150592
frozenset({'23113'}),frozenset({'23322'}),0.04263593297037404,0.13134412783709257,0.004115109948384359,0.09651741293532339,0.7348437613825789,1.0,-0.0014848694821301585,0.9614528100481519,-0.2737324824139834,0.024225774225774217,-0.040092648904856296,0.06392408114466427
frozenset({'23111'}),frozenset({'23323'}),0.04888637488510217,0.09128190624337128,0.003266633670366966,0.06682094301417414,0.7320283478307241,1.0,-0.0011958078184732307,0.9737874922866291,-0.2779172581543502,0.02386117136659436,-0.026918098580029186,0.05130357762637445
frozenset({'23113'}),frozenset({'99111'}),0.04263593297037404,0.11201300996959626,0.0034646114685710247,0.0812603648424544,0.7254547026681181,1.0,-0.0013111677163025206,0.966527355574609,-0.2833081422831992,0.022916471798709193,-0.03463186451198899,0.05609540145922745
frozenset({'23324'}),frozenset({'23321'}),0.060468076080039596,0.1247118715972566,0.005317118008909001,0.08793264733395698,0.7050864220683487,1.0,-0.0022239689309180395,0.9596748812949053,-0.30804723958062685,0.02956207248997563,-0.042019562552979714,0.0652839333732944
frozenset({'23311'}),frozenset({'99111'}),0.05300148483348653,0.11201300996959626,0.0041858163048858095,0.07897545357524013,0.7050560787240382,1.0,-0.001751039544170922,0.9641295592798242,-0.30639354759696963,0.026026554119405618,-0.03720500048455097,0.05817223631924486
frozenset({'23312'}),frozenset({'99111'}),0.06447005585802164,0.11201300996959626,0.004878738598600014,0.07567449001974116,0.6755866130218403,1.0,-0.002342746410964992,0.9606864469740414,-0.3391866998751324,0.028430160692212606,-0.04092235624827218,0.05961479834909543
frozenset({'23113'}),frozenset({'23321'}),0.04263593297037404,0.1247118715972566,0.0035918829102736336,0.08424543946932006,0.6755206091476321,1.0,-0.0017253240877568923,0.9558108319935789,-0.33410201376848003,0.021934369602763383,-0.04623212724452359,0.056523445440522374
frozenset({'23111'}),frozenset({'99111'}),0.04888637488510217,0.11201300996959626,0.003563600367673054,0.07289557419728088,0.6507777464159472,1.0,-0.0019123096297093156,0.9578068719298302,-0.36069754474368,0.02264964946971059,-0.0440518118074861,0.05235486953772642
frozenset({'23112'}),frozenset({'99111'}),0.048052039878385064,0.11201300996959626,0.003422187654670155,0.07121836374337846,0.6358043923889671,1.0,-0.001960265967286828,0.9560772471873611,-0.37567305741463614,0.02184707050645482,-0.04594058999087479,0.05088503088065275
frozenset({'99111'}),frozenset({'23323'}),0.11201300996959626,0.09128190624337128,0.006490843526833062,0.05794722888524176,0.634816156563884,1.0,-0.0037339175472494357,0.9646148513329209,-0.3931390442595277,0.032981245958180645,-0.03668318875474835,0.06452744867964644
frozenset({'23323'}),frozenset({'99111'}),0.09128190624337128,0.11201300996959626,0.006490843526833062,0.07110766847405112,0.634816156563884,1.0,-0.0037339175472494357,0.9559633123159199,-0.3876469075123927,0.032981245958180645,-0.046065248652060305,0.06452744867964644
frozenset({'71101'}),frozenset({'99111'}),0.048744962172099275,0.11201300996959626,0.0033090574842678357,0.06788511749347259,0.6060467218218551,1.0,-0.002151012449483113,0.9526583114331783,-0.4059456116103924,0.021016705586491824,-0.04969430067282042,0.048713421011601844
"frozenset({'27211', '99111'})",frozenset({'23321'}),0.04402177755780245,0.1247118715972566,0.0032242098564660964,0.07324124638612271,0.5872836759490495,1.0,-0.002265828413805554,0.9444616789316257,-0.42366956836286024,0.019480519480519484,-0.058804208055534,0.04954725886604015
frozenset({'99111'}),frozenset({'23321'}),0.11201300996959626,0.1247118715972566,0.008003959555964082,0.0714556242898624,0.572965695845064,1.0,-0.00596539256058643,0.9426454473253747,-0.4563207958733043,0.034994435513787565,-0.060844247258988966,0.0678176182453961
frozenset({'23321'}),frozenset({'99111'}),0.1247118715972566,0.11201300996959626,0.008003959555964082,0.06417961220092981,0.572965695845064,1.0,-0.00596539256058643,0.9488861341425094,-0.45989649533803506,0.034994435513787565,-0.05386722813025525,0.0678176182453961
frozenset({'27211'}),frozenset({'23321'}),0.05478328501732306,0.1247118715972566,0.003521176553772184,0.06427465152297365,0.5153851890743941,1.0,-0.003310949452984121,0.9354113681192352,-0.49869521791749327,0.02000964320154291,-0.06904837174539417,0.046254572614871564
frozenset({'99111'}),frozenset({'23322'}),0.11201300996959626,0.13134412783709257,0.007466591246553065,0.06665825022093169,0.5075084156301878,1.0,-0.00724565985431111,0.9306943275263613,-0.522176008633198,0.03165277861039506,-0.07446663251708234,0.06175289772028496
frozenset({'23322'}),frozenset({'99111'}),0.13134412783709257,0.11201300996959626,0.007466591246553065,0.05684754521963823,0.5075084156301878,1.0,-0.00724565985431111,0.9415094935390855,-0.5276647964010932,0.03165277861039506,-0.062124181287914165,0.06175289772028496
"frozenset({'27211', '99111'})",frozenset({'23322'}),0.04402177755780245,0.13134412783709257,0.002856536802658559,0.06488917442981049,0.49403940243368305,1.0,-0.0029254651765094983,0.9289336070227175,-0.5172091162443269,0.01655873432248545,-0.0765031994106167,0.04331883355426786
frozenset({'27211'}),frozenset({'23322'}),0.05478328501732306,0.13134412783709257,0.0034646114685710247,0.06324212700051625,0.4814994628382328,1.0,-0.0037308513220801333,0.9273003165497666,-0.5325481575979756,0.018967252458001082,-0.07839928678200946,0.044810124654435554
